title,year,genre,rating,numvotes,plot
Harakiri,1962,"Action,Drama,History",8.7,29900,"When a ronin requesting seppuku at a feudal lord's palace is told of the brutal suicide of another ronin who previously visited, he reveals how their pasts are intertwined - and in doing so challenges the clan's integrity."
Trainspotting,1996,Drama,8.1,606949,"Renton, deeply immersed in the Edinburgh drug scene, tries to clean up and get out, despite the allure of the drugs and influence of friends."
Unforgiven,1992,"Drama,Western",8.2,353635,"Retired Old West gunslinger William Munny (Clint Eastwood) reluctantly takes on one last job, with the help of his old partner Ned Logan (Morgan Freeman) and a young man, The ""Schofield Kid"" (Jaimz Woolvett)."
Andrei Rublev,1966,"Biography,Drama,History",8.2,41586,"The life, times and afflictions of the fifteenth-century Russian iconographer St. Andrei Rublev."
Hachi: A Dog's Tale,2009,"Drama,Family",8.1,234221,A college professor bonds with an abandoned dog he takes into his home.
Inside Out,2015,"Animation,Adventure,Comedy",8.2,565244,"After young Riley is uprooted from her Midwest life and moved to San Francisco, her emotions - Joy, Fear, Anger, Disgust and Sadness - conflict on how best to navigate a new city, house, and school."
Raiders of the Lost Ark,1981,"Action,Adventure",8.4,839355,"In 1936, archaeologist and adventurer Indiana Jones is hired by the U.S. government to find the Ark of the Covenant before"
La Haine,1995,"Crime,Drama",8.1,136887,24 hours in the lives of three young men in the French suburbs the day after a violent riot.
The Kid,1921,"Comedy,Drama,Family",8.3,103379,"The Tramp cares for an abandoned child, but events put that relationship in jeopardy."
Wild Strawberries,1957,"Drama,Romance",8.2,87839,"After living a life marked by coldness, an aging professor is forced to confront the emptiness of his existence."
The Dark Knight Rises,2012,"Action,Adventure,Fantasy",8.4,1436641,"Eight years after the Joker's reign of anarchy, Batman, with the help of the enigmatic Catwoman, is forced from his exile to save Gotham City from the brutal guerrilla terrorist Bane."
The Big Lebowski,1998,"Comedy,Crime,Sport",8.1,686968,"Jeff ""The Dude"" Lebowski, mistaken for a millionaire of the same name, seeks restitution for his ruined rug and enlists his bowling buddies to help get it."
Modern Times,1936,"Comedy,Drama,Family",8.5,201027,The Tramp struggles to live in modern industrial society with the help of a young homeless woman.
The Apartment,1960,"Comedy,Drama,Romance",8.3,151297,"A man tries to rise in his company by letting its executives use his apartment for trysts, but complications and a romance of his own ensue."
The Great Dictator,1940,"Comedy,Drama,War",8.5,189094,Dictator Adenoid Hynkel tries to expand his empire while a poor Jewish barber tries to avoid persecution from Hynkel's regime.
A Separation,2011,Drama,8.3,205593,A married couple are faced with a difficult decision - to improve the life of their child by moving to another country or to stay in Iran and look after a deteriorating parent who has Alzheimer's disease.
The Wages of Fear,1953,"Adventure,Drama,Thriller",8.1,50354,"In a decrepit South American village, four men are hired to transport an urgent nitroglycerine shipment without the equipment that would make it safe."
Avengers: Infinity War,2018,"Action,Adventure,Sci-Fi",8.5,743646,The Avengers and their allies must be willing to sacrifice all in an attempt to defeat the powerful Thanos before his blitz of devastation and ruin puts an end to the universe.
The Bandit,1996,"Crime,Drama,Thriller",8.3,58416,"Baran the Bandit, released from prison after 35 years, searches for vengeance and his lover."
The Departed,2006,"Crime,Drama,Thriller",8.5,1117892,An undercover cop and a mole in the police attempt to identify each other while infiltrating an Irish gang in South Boston.
Parasite,2019,"Comedy,Crime,Drama",8.6,181052,"All unemployed, Ki-taek and his family take peculiar interest in the wealthy and glamorous Parks, as they ingratiate themselves into their lives and get entangled in an unexpected incident."
Bicycle Thieves,1948,Drama,8.3,134152,"In post-war Italy, a working-class man's bicycle is stolen. He and his son set out to find it."
Casino,1995,"Crime,Drama",8.2,433314,"A tale of greed, deception, money, power, and murder occur between two best friends: a mafia enforcer and a casino executive, compete against each other over a gambling empire, and over a fast living and fast loving socialite."
Vertigo,1958,"Mystery,Romance,Thriller",8.3,335526,A former police detective juggles wrestling with his personal demons and becoming obsessed with a hauntingly beautiful woman.
The Intouchables,2011,"Biography,Comedy,Drama",8.5,707730,"After he becomes a quadriplegic from a paragliding accident, an aristocrat hires a young man from the projects to be his caregiver."
Whiplash,2014,"Drama,Music",8.5,654190,A promising young drummer enrolls at a cut-throat music conservatory where his dreams of greatness are mentored by an instructor who will stop at nothing to realize a student's potential.
Jurassic Park,1993,"Action,Adventure,Sci-Fi",8.1,812142,A pragmatic Paleontologist visiting an almost complete theme park is tasked with protecting a couple of kids after a power failure causes the park's cloned dinosaurs to run loose.
The Lord of the Rings: The Two Towers,2002,"Adventure,Drama,Fantasy",8.7,1403515,"While Frodo and Sam edge closer to Mordor with the help of the shifty Gollum, the divided fellowship makes a stand against Sauron's new ally, Saruman, and his hordes of Isengard."
All About Eve,1950,Drama,8.2,113424,An ingénue insinuates herself into the lives of an established but aging stage actress and her circle of theater friends.
Ikiru,1952,Drama,8.3,61504,A bureaucrat tries to find a meaning in his life after he discovers he has terminal cancer.
Braveheart,1995,"Biography,Drama,History",8.3,917384,"When his secret bride is executed for assaulting an English soldier who tried to rape her, William Wallace begins a revolt against King Edward I of England."
Saving Private Ryan,1998,"Drama,War",8.6,1158888,"Following the Normandy Landings, a group of U.S. soldiers go behind enemy lines to retrieve a paratrooper whose brothers have been killed in action."
The Dark Knight,2008,"Action,Crime,Drama",9.0,2168631,"When the menace known as the Joker wreaks havoc and chaos on the people of Gotham, Batman must accept one of the greatest psychological and physical tests of his ability to fight injustice."
The Deer Hunter,1978,"Drama,War",8.1,293887,An in-depth examination of the ways in which the U.S. Vietnam War impacts and disrupts the lives of people in a small industrial town in Pennsylvania.
Children of Heaven,1997,"Drama,Family,Sport",8.3,57743,"After a boy loses his sister's pair of shoes, he goes on a series of adventures in order to find them. When he can't, he tries a new way to ""win"" a new pair."
"The Good, the Bad and the Ugly",1966,Western,8.8,648477,A bounty hunting scam joins two men in an uneasy alliance against a third in a race to find a fortune in gold buried in a remote cemetery.
Citizen Kane,1941,"Drama,Mystery",8.3,375821,"Following the death of publishing tycoon Charles Foster Kane, reporters scramble to uncover the meaning of his final utterance; 'Rosebud'."
Ford v Ferrari,2019,"Action,Biography,Drama",8.2,109513,"American car designer Carroll Shelby and driver Ken Miles battle corporate interference, the laws of physics and their own personal demons to build a revolutionary race car for Ford and challenge Ferrari at the 24 Hours of Le Mans in 1966."
Ran,1985,"Action,Drama",8.2,103537,"In Medieval Japan, an elderly warlord retires, handing over his empire to his three sons. However, he vastly underestimates how the new-found power will corrupt them and cause them to turn on each other...and him."
The Gold Rush,1925,"Adventure,Comedy,Drama",8.2,93070,A prospector goes to the Klondike in search of gold and finds it and more.
The Lord of the Rings: The Fellowship of the Ring,2001,"Adventure,Drama,Fantasy",8.8,1566685,A meek Hobbit from the Shire and eight companions set out on a journey to destroy the powerful One Ring and save Middle-earth from the Dark Lord Sauron.
Fargo,1996,"Crime,Drama,Thriller",8.1,580924,Jerry Lundegaard's inept crime falls apart due to his and his henchmen's bungling and the persistent police work of the quite pregnant Marge Gunderson.
Pan's Labyrinth,2006,"Drama,Fantasy,War",8.2,589289,"In the Falangist Spain of 1944, the bookish young stepdaughter of a sadistic army officer escapes into an eerie but captivating fantasy world."
The Seventh Seal,1957,"Drama,Fantasy",8.2,149860,"A man seeks answers about life, death, and the existence of God as he plays chess against the Grim Reaper during the Black Plague."
Prisoners,2013,"Crime,Drama,Mystery",8.1,551917,"When Keller Dover's daughter and her friend go missing, he takes matters into his own hands as the police pursue multiple leads and the pressure mounts."
Blade Runner,1982,"Action,Sci-Fi,Thriller",8.1,653104,"A blade runner must pursue and terminate four replicants who stole a ship in space, and have returned to Earth to find their creator."
The Great Escape,1963,"Adventure,Drama,History",8.2,211886,Allied prisoners of war plan for several hundred of their number to escape from a German camp during World War II.
In the Mood for Love,2000,"Drama,Romance",8.1,111692,"Two neighbors, a woman and a man, form a strong bond after both suspect extramarital activities of their spouses. However, they agree to keep their bond platonic so as not to commit similar wrongs."
City of God,2002,"Crime,Drama",8.6,665604,"In the slums of Rio, two kids' paths diverge as one struggles to become a photographer and the other a kingpin."
Logan,2017,"Action,Drama,Sci-Fi",8.1,597588,"In a future where mutants are nearly extinct, an elderly and weary Logan leads a quiet life. But when Laura, a mutant child pursued by scientists, comes to him for help, he must get her to safety."
Alien,1979,"Horror,Sci-Fi",8.4,742286,"After a space merchant vessel receives an unknown transmission as a distress call, one of the crew is attacked by a mysterious life form and they soon realize that its life cycle has merely begun."
Django Unchained,2012,"Drama,Western",8.4,1265797,"With the help of a German bounty hunter, a freed slave sets out to rescue his wife from a brutal Mississippi plantation owner."
Snatch,2000,"Comedy,Crime",8.3,742311,"Unscrupulous boxing promoters, violent bookmakers, a Russian gangster, incompetent amateur robbers and supposedly Jewish jewelers fight to track down a priceless stolen diamond."
No Country for Old Men,2007,"Crime,Drama,Thriller",8.1,796463,Violence and mayhem ensue after a hunter stumbles upon a drug deal gone wrong and more than two million dollars in cash near the Rio Grande.
Eternal Sunshine of the Spotless Mind,2004,"Drama,Romance,Sci-Fi",8.3,854198,"When their relationship turns sour, a couple undergoes a medical procedure to have each other erased from their memories."
12 Years a Slave,2013,"Biography,Drama,History",8.1,599937,"In the antebellum United States,"
Catch Me If You Can,2002,"Biography,Crime,Drama",8.1,758817,"A seasoned FBI agent pursues Frank Abagnale Jr. who, before his 19th birthday, successfully forged millions of dollars' worth of checks while posing as a Pan Am pilot, a doctor, and a legal prosecutor."
Into the Wild,2007,"Adventure,Biography,Drama",8.1,540490,"After graduating from Emory University, top student and athlete Christopher McCandless abandons his possessions, gives his entire $24,000 savings account to charity and hitchhikes to Alaska to live in the wilderness. Along the way, Christopher encounters a series of characters that shape his life."
Avengers: Endgame,2019,"Action,Adventure,Drama",8.5,657046,After the devastating events of
Aladdin,1992,"Animation,Adventure,Comedy",8.0,345345,A kindhearted street urchin and a power-hungry Grand Vizier vie for a magic lamp that has the power to make their deepest wishes come true.
It Happened One Night,1934,"Comedy,Romance",8.1,87726,A spoiled heiress running away from her family is helped by a man who is actually a reporter in need of a story.
Dial M for Murder,1954,"Crime,Thriller",8.2,146058,A tennis player frames his neglected wife for murder after she inadvertently foils his plan to have her murdered.
Before Sunset,2004,"Drama,Romance",8.0,217342,"Nine years after Jesse and Celine first met, they encounter each other again on the French leg of Jesse's book tour."
The Help,2011,Drama,8.1,404465,"An aspiring author during the civil rights movement of the 1960s decides to write a book detailing the African American maids' point of view on the white families for which they work, and the hardships they go through on a daily basis."
Network,1976,Drama,8.1,136383,A television network cynically exploits a deranged former anchor's ravings and revelations about the news media for its own profit.
Mad Max: Fury Road,2015,"Action,Adventure,Sci-Fi",8.1,817267,"In a post-apocalyptic wasteland, a woman rebels against a tyrannical ruler in search for her homeland with the aid of a group of female prisoners, a psychotic worshiper, and a drifter named Max."
Stand by Me,1986,"Adventure,Drama",8.1,344340,"After the death of one of his friends, a writer recounts a boyhood journey with his friends to find the body of a missing boy."
The Sting,1973,"Comedy,Crime,Drama",8.3,228238,Two grifters team up to pull off the ultimate con.
Inglourious Basterds,2009,"Adventure,Drama,War",8.3,1178733,"In Nazi-occupied France during World War II, a plan to assassinate Nazi leaders by a group of Jewish U.S. soldiers coincides with a theatre owner's vengeful plans for the same."
Gangs of Wasseypur,2012,"Action,Comedy,Crime",8.2,72901,"A clash between Sultan and Shahid Khan leads to the expulsion of Khan from Wasseypur, and ignites a deadly blood feud spanning three generations."
My Neighbor Totoro,1988,"Animation,Family,Fantasy",8.2,251297,"When two girls move to the country to be near their ailing mother, they have adventures with the wondrous forest spirits who live nearby."
The Shawshank Redemption,1994,Drama,9.3,2185699,"Two imprisoned men bond over a number of years, finding solace and eventual redemption through acts of common decency."
Schindler's List,1993,"Biography,Drama,History",8.9,1140935,"In German-occupied Poland during World War II, industrialist"
Your Name.,2016,"Animation,Drama,Fantasy",8.4,155908,"Two strangers find themselves linked in a bizarre way. When a connection forms, will distance be the only thing to keep them apart?"
Kill Bill: Vol. 1,2003,"Action,Crime,Thriller",8.1,943593,"After awakening from a four-year coma, a former assassin wreaks vengeance on the team of assassins who betrayed her."
Capernaum,2018,Drama,8.4,36855,"While serving a five-year sentence for a violent crime, a 12-year-old boy sues his parents for neglect."
Memories of Murder,2003,"Action,Crime,Drama",8.1,111812,"In a small Korean province in 1986, two detectives struggle with the case of multiple young women being found raped and murdered by an unknown culprit."
Batman Begins,2005,"Action,Adventure,Fantasy",8.2,1238478,"After training with his mentor, Batman begins his fight to free crime-ridden Gotham City from corruption."
Once Upon a Time in the West,1968,Western,8.5,283136,A mysterious stranger with a harmonica joins forces with a notorious desperado to protect a beautiful widow from a ruthless assassin working for the railroad.
Harry Potter and the Deathly Hallows: Part 2,2011,"Adventure,Drama,Fantasy",8.1,716939,"Harry (Daniel Radcliffe), Ron (Rupert Grint), and Hermione (Emma Watson) search for Voldemort's (Ralph Fiennes') remaining Horcruxes in their effort to destroy the Dark Lord as the final battle rages on at Hogwarts."
The Grand Budapest Hotel,2014,"Adventure,Comedy,Crime",8.1,659189,"The adventures of Gustave H, a legendary concierge at a famous hotel from the fictional Republic of Zubrowka between the first and second World Wars, and Zero Moustafa, the lobby boy who becomes his most trusted friend."
M,1931,"Crime,Mystery,Thriller",8.3,133572,"When the police in a German city are unable to catch a child-murderer, other criminals join in the manhunt."
How to Train Your Dragon,2010,"Animation,Action,Adventure",8.1,631959,"A hapless young Viking who aspires to hunt dragons becomes the unlikely friend of a young dragon himself, and learns there may be more to the creatures than he assumed."
Stalker,1979,"Drama,Sci-Fi",8.2,104064,A guide leads two men through an area known as the Zone to find a room that grants wishes.
Life Is Beautiful,1997,"Comedy,Drama,Romance",8.6,579050,"When an open-minded Jewish librarian and his son become victims of the Holocaust, he uses a perfect mixture of will, humor, and imagination to protect his son from the dangers around their camp."
Witness for the Prosecution,1957,"Crime,Drama,Film-Noir",8.4,98105,A veteran British barrister must defend his client in a murder trial that has surprise after surprise.
For a Few Dollars More,1965,Western,8.3,216411,Two bounty hunters with the same intentions team up to track down a Western outlaw.
Gran Torino,2008,Drama,8.1,688557,"Disgruntled Korean War veteran Walt Kowalski sets out to reform his neighbor, Thao Lor, a Hmong teenager who tried to steal Kowalski's prized possession: a 1972 Gran Torino."
Once Upon a Time in America,1984,"Crime,Drama",8.4,290091,"A former Prohibition-era Jewish gangster returns to the Lower East Side of Manhattan over thirty years later, where he once again must confront the ghosts and regrets of his old life."
WALL·E,2008,"Animation,Adventure,Family",8.4,942499,"In the distant future, a small waste-collecting robot inadvertently embarks on a space journey that will ultimately decide the fate of mankind."
Incendies,2010,"Drama,Mystery,War",8.3,131921,Twins journey to the Middle East to discover their family history and fulfill their mother's last wishes.
The Truman Show,1998,"Comedy,Drama,Sci-Fi",8.1,871987,An insurance salesman discovers his whole life is actually a reality TV show.
The Hunt,2012,Drama,8.3,255311,"A teacher lives a lonely life, all the while struggling over his son's custody. His life slowly gets better as he finds love and receives good news from his son, but his new luck is about to be brutally shattered by an innocent little lie."
3 Idiots,2009,"Comedy,Drama",8.4,315314,"Two friends are searching for their long lost companion. They revisit their college days and recall the memories of their friend who inspired them to think differently, even as the rest of the world called them ""idiots""."
The Prestige,2006,"Drama,Mystery,Sci-Fi",8.5,1108697,"After a tragic accident, two stage magicians engage in a battle to create the ultimate illusion while sacrificing everything they have to outwit each other."
Joker,2019,"Crime,Drama,Thriller",8.6,644951,"In Gotham City, mentally troubled comedian Arthur Fleck is disregarded and mistreated by society. He then embarks on a downward spiral of revolution and bloody crime. This path brings him face-to-face with his alter-ego: the Joker."
The Godfather,1972,"Crime,Drama",9.2,1505774,The aging patriarch of an organized crime dynasty transfers control of his clandestine empire to his reluctant son.
The Matrix,1999,"Action,Sci-Fi",8.7,1573755,A computer hacker learns from mysterious rebels about the true nature of his reality and his role in the war against its controllers.
Metropolis,1927,"Drama,Sci-Fi",8.3,150179,"In a futuristic city sharply divided between the working class and the city planners, the son of the city's mastermind falls in love with a working class prophet who predicts the coming of a savior to mediate their differences."
The Lion King,1994,"Animation,Adventure,Drama",8.5,883551,"A Lion cub crown prince is tricked by a treacherous uncle into thinking he caused his father's death and flees into exile in despair, only to learn in adulthood his identity and his responsibilities."
Heat,1995,"Crime,Drama,Thriller",8.2,542359,A group of professional bank robbers start to feel the heat from police when they unknowingly leave a clue at their latest heist.
Amadeus,1984,"Biography,Drama,History",8.3,349225,"The life, success and troubles of"
Chinatown,1974,"Drama,Mystery,Thriller",8.2,275752,"A private detective hired to expose an adulterer finds himself caught up in a web of deceit, corruption, and murder."
Singin' in the Rain,1952,"Comedy,Musical,Romance",8.3,205079,A silent film production company and cast make a difficult transition to sound.
Amélie,2001,"Comedy,Romance",8.3,671456,"Amélie is an innocent and naive girl in Paris with her own sense of justice. She decides to help those around her and, along the way, discovers love."
L.A. Confidential,1997,"Crime,Drama,Mystery",8.2,507354,"As corruption grows in 1950s Los Angeles, three policemen -- one strait-laced, one brutal, and one sleazy -- investigate a series of murders with their own brand of justice."
American Beauty,1999,Drama,8.3,1019418,A sexually frustrated suburban father has a mid-life crisis after becoming infatuated with his daughter's best friend.
Wild Tales,2014,"Comedy,Drama,Thriller",8.1,159569,Six short stories that explore the extremities of human behavior involving people in distress.
Spider-Man: Into the Spider-Verse,2018,"Animation,Action,Adventure",8.4,292703,"Teen Miles Morales becomes Spider-Man of his reality, crossing his path with five counterparts from other dimensions to stop a threat for all realities."
Rebecca,1940,"Drama,Mystery,Romance",8.1,114572,A self-conscious woman juggles adjusting to her new role as an aristocrat's wife and avoiding being intimidated by his first wife's spectral presence.
Mary and Max,2009,"Animation,Comedy,Drama",8.1,155817,"A tale of friendship between two unlikely pen pals: Mary, a lonely, eight-year-old girl living in the suburbs of Melbourne, and Max, a forty-four-year old, severely obese man living in New York."
"Paris, Texas",1984,Drama,8.1,79660,"Travis Henderson, an aimless drifter who has been missing for four years, wanders out of the desert and must reconnect with society, himself, his life, and his family."
Coco,2017,"Animation,Adventure,Family",8.4,318148,"Aspiring musician Miguel, confronted with his family's ancestral ban on music, enters the Land of the Dead to find his great-great-grandfather, a legendary singer."
The Secret in Their Eyes,2009,"Drama,Mystery,Romance",8.2,179464,A retired legal counselor writes a novel hoping to find closure for one of his past unresolved homicide cases and for his unreciprocated love with his superior - both of which still haunt him decades later.
The Sixth Sense,1999,"Drama,Mystery,Thriller",8.1,869568,A boy who communicates with spirits seeks the help of a disheartened child psychologist.
Goodfellas,1990,"Biography,Crime,Drama",8.7,950268,"The story of Henry Hill and his life in the mob, covering his relationship with his wife Karen Hill and his mob partners Jimmy Conway and Tommy DeVito in the Italian-American crime syndicate."
Hotel Rwanda,2004,"Biography,Drama,History",8.1,321094,Paul Rusesabagina was a hotel manager who housed over a thousand Tutsi refugees during their struggle against the Hutu militia in Rwanda.
The Lord of the Rings: The Return of the King,2003,"Adventure,Drama,Fantasy",8.9,1554837,Gandalf and Aragorn lead the World of Men against Sauron's army to draw his gaze from Frodo and Sam as they approach Mount Doom with the One Ring.
Platoon,1986,"Drama,War",8.1,362482,A young soldier in Vietnam faces a moral crisis when confronted with the horrors of war and the duality of man.
Castle in the Sky,1986,"Animation,Adventure,Drama",8.0,133729,A young boy and a girl with a magic crystal must race against pirates and foreign agents in a search for a legendary floating castle.
Full Metal Jacket,1987,"Drama,War",8.3,634672,A pragmatic U.S. Marine observes the dehumanizing effects the Vietnam War has on his fellow recruits from their brutal boot camp training to the bloody street fighting in Hue.
In the Name of the Father,1993,"Biography,Drama",8.1,146601,A man's coerced confession to an IRA bombing he did not commit results in the imprisonment of his father as well. An English lawyer fights to free them.
Klaus,2019,"Animation,Adventure,Comedy",8.2,52541,"A simple act of kindness always sparks another, even in a frozen, faraway place. When Smeerensburg's new postman, Jesper, befriends toymaker Klaus, their gifts melt an age-old feud and deliver a sleigh full of holiday traditions."
Dangal,2016,"Action,Biography,Drama",8.4,135013,Former wrestler
The Treasure of the Sierra Madre,1948,"Adventure,Drama,Western",8.2,107295,Two Americans searching for work in Mexico convince an old prospector to help them mine for gold in the Sierra Madre Mountains.
Terminator 2: Judgment Day,1991,"Action,Sci-Fi",8.5,945898,"A cyborg, identical to the one who failed to kill Sarah Connor, must now protect her teenage son, John Connor, from a more advanced and powerful cyborg."
Das Boot,1981,"Adventure,Drama,Thriller",8.3,218458,"The claustrophobic world of a WWII German U-boat; boredom, filth and sheer terror."
Gone Girl,2014,"Drama,Mystery,Thriller",8.1,795644,"With his wife's disappearance having become the focus of an intense media circus, a man sees the spotlight turned on him when it's suspected that he may not be innocent."
Marriage Story,2019,"Comedy,Drama,Romance",8.1,148081,Noah Baumbach's incisive and compassionate look at a marriage breaking up and a family staying together.
Downfall,2004,"Biography,Drama,History",8.2,314981,"Traudl Junge, the final secretary for Adolf Hitler, tells of the Nazi dictator's final days in his Berlin bunker at the end of WWII."
Neon Genesis Evangelion: The End of Evangelion,1997,"Animation,Action,Drama",8.1,32521,Concurrent theatrical ending of the TV series
Psycho,1960,"Horror,Mystery,Thriller",8.5,562157,"A Phoenix secretary embezzles forty thousand dollars from her employer's client, goes on the run, and checks into a remote motel run by a young man under the domination of his mother."
Dr. Strangelove or: How I Learned to Stop Worrying and Love the Bomb,1964,Comedy,8.4,427841,An insane general triggers a path to nuclear holocaust that a War Room full of politicians and generals frantically tries to stop.
Some Like It Hot,1959,"Comedy,Music,Romance",8.2,229267,"When two male musicians witness a mob hit, they flee the state in an all-female band disguised as women, but further complications set in."
The Third Man,1949,"Film-Noir,Mystery,Thriller",8.1,150140,"Pulp novelist Holly Martins travels to shadowy, postwar Vienna, only to find himself investigating the mysterious death of an old friend, Harry Lime."
The Silence of the Lambs,1991,"Crime,Drama,Thriller",8.6,1185564,"A young F.B.I. cadet must receive the help of an incarcerated and manipulative cannibal killer to help catch another serial killer, a madman who skins his victims."
"Lock, Stock and Two Smoking Barrels",1998,"Comedy,Crime",8.2,507574,"A botched card game in London triggers four friends, thugs, weed-growers, hard gangsters, loan sharks and debt collectors to collide with each other in a series of unexpected events, all for the sake of weed, cash and two antique shotguns."
The Wolf of Wall Street,2013,"Biography,Crime,Drama",8.2,1086263,Based on the true story of
Howl's Moving Castle,2004,"Animation,Adventure,Family",8.2,295846,"When an unconfident young woman is cursed with an old body by a spiteful witch, her only chance of breaking the spell lies with a self-indulgent yet insecure young wizard and his companions in his legged, walking castle."
Rang De Basanti,2006,"Comedy,Drama",8.2,104246,"The story of six young Indians who assist an English woman to film a documentary on the freedom fighters from their past, and the events that lead them to relive the long-forgotten saga of freedom."
Dead Poets Society,1989,"Comedy,Drama",8.1,389872,English teacher John Keating inspires his students to look at poetry with a different perspective of authentic knowledge and feelings.
Spirited Away,2001,"Animation,Adventure,Family",8.6,585421,"During her family's move to the suburbs, a sullen 10-year-old girl wanders into a world ruled by gods, witches, and spirits, and where humans are changed into beasts."
Memento,2000,"Mystery,Thriller",8.4,1063151,A man with short-term memory loss attempts to track down his wife's murderer.
Mr. Smith Goes to Washington,1939,"Comedy,Drama",8.1,101157,"A naive man is appointed to fill a vacancy in the United States Senate. His plans promptly collide with political corruption, but he doesn't back down."
The Pianist,2002,"Biography,Drama,Music",8.5,674989,A Polish Jewish musician struggles to survive the destruction of the Warsaw ghetto of World War II.
Interstellar,2014,"Adventure,Drama,Sci-Fi",8.6,1370777,A team of explorers travel through a wormhole in space in an attempt to ensure humanity's survival.
Butch Cassidy and the Sundance Kid,1969,"Biography,Crime,Drama",8.0,193305,"Wyoming, early 1900s. Butch Cassidy and The Sundance Kid are the leaders of a band of outlaws. After a train robbery goes wrong they find themselves on the run with a posse hard on their heels. Their solution - escape to Bolivia."
Hacksaw Ridge,2016,"Biography,Drama,History",8.1,392476,World War II American Army Medic
The Elephant Man,1980,"Biography,Drama",8.1,206715,"A Victorian surgeon rescues a heavily disfigured man who is mistreated while scraping a living as a side-show freak. Behind his monstrous façade, there is revealed a person of kindness, intelligence and sophistication."
It's a Wonderful Life,1946,"Drama,Family,Fantasy",8.6,375205,An angel is sent from Heaven to help a desperately frustrated businessman by showing him what life would have been like if he had never existed.
The Princess Bride,1987,"Adventure,Family,Fantasy",8.1,372108,"While home sick in bed, a young boy's grandfather reads him the story of a farmboy-turned-pirate who encounters numerous obstacles, enemies and allies in his quest to be reunited with his true love."
Spotlight,2015,"Biography,Crime,Drama",8.1,385378,"The true story of how the Boston Globe uncovered the massive scandal of child molestation and cover-up within the local Catholic Archdiocese, shaking the entire Catholic Church to its core."
Swades,2004,Drama,8.2,77583,A successful Indian scientist returns to an Indian village to take his nanny to America with him and in the process rediscovers his roots.
The Passion of Joan of Arc,1928,"Biography,Drama,History",8.1,42929,"In 1431, Jeanne d'Arc is placed on trial on charges of heresy. The ecclesiastical jurists attempt to force Jeanne to recant her claims of holy visions."
Indiana Jones and the Last Crusade,1989,"Action,Adventure",8.2,655978,"In 1938, after his father Professor Henry Jones, Sr. goes missing while pursuing the Holy Grail, Professor Henry ""Indiana"" Jones, Jr. finds himself up against"
Room,2015,"Drama,Thriller",8.1,335981,"Held captive for 7 years in an enclosed space, a woman and her young son finally gain their freedom, allowing the boy to experience the outside world for the first time."
Oldboy,2003,"Action,Drama,Mystery",8.4,479051,"After being kidnapped and imprisoned for fifteen years, Oh Dae-Su is released, only to find that he must find his captor in five days."
Fight Club,1999,Drama,8.8,1745822,"An insomniac office worker and a devil-may-care soapmaker form an underground fight club that evolves into something much, much more."
Cinema Paradiso,1988,Drama,8.5,211476,A filmmaker recalls his childhood when falling in love with the pictures at the cinema of his home village and forms a deep friendship with the cinema's projectionist.
The Green Mile,1999,"Crime,Drama,Fantasy",8.6,1065565,"The lives of guards on Death Row are affected by one of their charges: a black man accused of child murder and rape, yet who has a mysterious gift."
Rocky,1976,"Drama,Sport",8.1,489960,A small-time boxer gets a supremely rare chance to fight a heavy-weight champion in a bout in which he strives to go the distance for his self-respect.
"Monsters, Inc.",2001,"Animation,Adventure,Comedy",8.0,769474,"In order to power the city, monsters have to scare children so that they scream. However, the children are toxic to the monsters, and after a child gets through, 2 monsters realize things may not be what they think."
Million Dollar Baby,2004,"Drama,Sport",8.1,603881,A determined woman works with a hardened boxing trainer to become a professional.
Up,2009,"Animation,Adventure,Comedy",8.2,880291,"78-year-old Carl Fredricksen travels to Paradise Falls in his house equipped with balloons, inadvertently taking a young stowaway."
Monty Python and the Holy Grail,1975,"Adventure,Comedy,Fantasy",8.2,477063,"King Arthur and his Knights of the Round Table embark on a surreal, low-budget search for the Holy Grail, encountering many, very silly obstacles."
Good Will Hunting,1997,"Drama,Romance",8.3,801443,"Will Hunting, a janitor at M.I.T., has a gift for mathematics, but needs help from a psychologist to find direction in his life."
Star Wars: Episode V - The Empire Strikes Back,1980,"Action,Adventure,Fantasy",8.7,1097819,"After the Rebels are brutally overpowered by the Empire on the ice planet Hoth, Luke Skywalker begins Jedi training with Yoda, while his friends are pursued by Darth Vader and a bounty hunter named Boba Fett all over the galaxy."
Inception,2010,"Action,Adventure,Sci-Fi",8.8,1917472,A thief who steals corporate secrets through the use of dream-sharing technology is given the inverse task of planting an idea into the mind of a C.E.O.
"Three Billboards Outside Ebbing, Missouri",2017,"Comedy,Crime,Drama",8.2,379461,A mother personally challenges the local authorities to solve her daughter's murder when they fail to catch the culprit.
Die Hard,1988,"Action,Thriller",8.2,747333,An NYPD officer tries to save his wife and several others taken hostage by German terrorists during a Christmas party at the Nakatomi Plaza in Los Angeles.
Scarface,1983,"Crime,Drama",8.3,692169,"In 1980 Miami, a determined Cuban immigrant takes over a drug cartel and succumbs to greed."
The General,1926,"Action,Adventure,Comedy",8.1,74777,"When Union spies steal an engineer's beloved locomotive, he pursues it single-handedly and straight through enemy lines."
Rashomon,1950,"Crime,Drama,Mystery",8.2,141330,"The rape of a bride and the murder of her samurai husband are recalled from the perspectives of a bandit, the bride, the samurai's ghost and a woodcutter."
Pulp Fiction,1994,"Crime,Drama",8.9,1717119,"The lives of two mob hitmen, a boxer, a gangster and his wife, and a pair of diner bandits intertwine in four tales of violence and redemption."
1917,2019,"Drama,War",8.5,124602,"April 6th 1917. As a regiment assembles to wage war deep in enemy territory, two soldiers are assigned to race against time and deliver a message, that will stop 1,600 men, from walking straight into a deadly trap."
Se7en,1995,"Crime,Drama,Mystery",8.6,1345579,"Two detectives, a rookie and a veteran, hunt a serial killer who uses the seven deadly sins as his motives."
The Lives of Others,2006,"Drama,Mystery,Thriller",8.4,336041,"In 1984 East Berlin, an agent of the secret police, conducting surveillance on a writer and his lover, finds himself becoming increasingly absorbed by their lives."
City Lights,1931,"Comedy,Drama,Romance",8.5,154896,"With the aid of a wealthy erratic tippler, a dewy-eyed tramp who has fallen in love with a sightless flower girl accumulates money to be able to help her medically."
My Father and My Son,2005,"Drama,Family",8.3,71963,The family of a left-wing journalist is torn apart after a military coup in 1980's Turkey.
Léon: The Professional,1994,"Action,Crime,Drama",8.5,968193,"Mathilda, a 12-year-old girl, is reluctantly taken in by Léon, a professional assassin, after her family is murdered. An unusual relationship forms as she becomes his protégée and learns the assassin's trade."
V for Vendetta,2005,"Action,Drama,Sci-Fi",8.2,979613,"In a future British tyranny, a shadowy freedom fighter, known only by the alias of ""V"", plots to overthrow it with the help of a young woman."
Green Book,2018,"Biography,Comedy,Drama",8.2,284835,A working-class Italian-American bouncer becomes the driver of an African-American classical pianist on a tour of venues through the 1960s American South.
Warrior,2011,"Drama,Sport",8.2,414710,"The youngest son of an alcoholic former boxer returns home, where he's trained by his father for competition in a mixed martial arts tournament - a path that puts the fighter on a collision course with his estranged, older brother."
On the Waterfront,1954,"Crime,Drama,Thriller",8.1,133213,An ex-prize fighter turned longshoreman struggles to stand up to his corrupt union bosses.
Rush,2013,"Biography,Drama,Sport",8.1,407437,The merciless 1970s rivalry between Formula One rivals
Sherlock Jr.,1924,"Action,Comedy,Romance",8.2,36072,"A film projectionist longs to be a detective, and puts his meagre skills to work when he is framed by a rival for stealing his girlfriend's father's pocketwatch."
Double Indemnity,1944,"Crime,Drama,Film-Noir",8.3,133582,An insurance representative lets himself be talked by a seductive housewife into a murder/insurance fraud scheme that arouses the suspicion of an insurance investigator.
White Heat,1949,"Action,Crime,Drama",8.2,26965,A psychopathic criminal with a mother complex makes a daring break from prison and leads his old gang in a chemical plant payroll heist.
The Godfather: Part II,1974,"Crime,Drama",9.0,1054511,"The early life and career of Vito Corleone in 1920s New York City is portrayed, while his son, Michael, expands and tightens his grip on the family crime syndicate."
Aliens,1986,"Action,Adventure,Sci-Fi",8.3,620757,"Ellen Ripley is rescued by a deep salvage team after being in hypersleep for 57 years. The moon that the Nostromo visited has been colonized, but contact is lost. This time, colonial marines have impressive firepower, but will that be enough?"
The Handmaiden,2016,"Drama,Romance,Thriller",8.1,90539,"A woman is hired as a handmaiden to a Japanese heiress, but secretly she is involved in a plot to defraud her."
Lagaan: Once Upon a Time in India,2001,"Adventure,Drama,Musical",8.1,97191,The people of a small village in Victorian India stake their future on a game of cricket against their ruthless British rulers.
The Invisible Guest,2016,"Crime,Mystery,Thriller",8.1,99605,A successful entrepreneur accused of murder and a witness preparation expert have less than three hours to come up with an impregnable defence.
Star Wars: Episode VI - Return of the Jedi,1983,"Action,Adventure,Fantasy",8.3,900264,"After a daring mission to rescue Han Solo from Jabba the Hutt, the Rebels dispatch to Endor to destroy the second Death Star. Meanwhile, Luke struggles to help Darth Vader back from the dark side without falling into the Emperor's trap."
Finding Nemo,2003,"Animation,Adventure,Comedy",8.1,899801,"After his son is captured in the Great Barrier Reef and taken to Sydney, a timid clownfish sets out on a journey to bring him home."
Judgment at Nuremberg,1961,"Drama,War",8.2,64407,"In 1948, an American court in occupied Germany tries four Nazis judged for war crimes."
Reservoir Dogs,1992,"Crime,Drama,Thriller",8.3,864790,"When a simple jewelry heist goes horribly wrong, the surviving criminals begin to suspect that one of them is a police informant."
Cool Hand Luke,1967,"Crime,Drama",8.1,153471,"A laid back Southern man is sentenced to two years in a rural prison, but refuses to conform."
The Bridge on the River Kwai,1957,"Adventure,Drama,War",8.1,192112,"British POWs build a railway bridge across the river Kwai for their Japanese captors, oblivious of the Allies' plans to destroy it."
Raging Bull,1980,"Biography,Drama,Sport",8.2,301445,The life of boxer
Toy Story,1995,"Animation,Adventure,Comedy",8.3,833839,A cowboy doll is profoundly threatened and jealous when a new spaceman figure supplants him as top toy in a boy's room.
The Shining,1980,"Drama,Horror",8.4,830880,"A family heads to an isolated hotel for the winter where a sinister presence influences the father into violence, while his psychic son sees horrific forebodings from both past and future."
Nausicaä of the Valley of the Wind,1984,"Animation,Adventure,Fantasy",8.1,133712,Warrior and pacifist Princess Nausicaä desperately struggles to prevent two warring nations from destroying themselves and their dying planet.
Princess Mononoke,1997,"Animation,Adventure,Fantasy",8.4,308394,"On a journey to find the cure for a Tatarigami's curse, Ashitaka finds himself in the middle of a war between the forest gods and Tatara, a mining colony. In this quest he also meets San, the Mononoke Hime."
There Will Be Blood,2007,Drama,8.2,481393,"A story of family, religion, hatred, oil and madness, focusing on a turn-of-the-century prospector in the early days of the business."
Rear Window,1954,"Mystery,Thriller",8.4,415249,A wheelchair-bound photographer spies on his neighbors from his apartment window and becomes convinced one of them has committed murder.
2001: A Space Odyssey,1968,"Adventure,Sci-Fi",8.3,565349,"After discovering a mysterious artifact buried beneath the Lunar surface, mankind sets off on a quest to find its origins with help from intelligent supercomputer H.A.L. 9000."
12 Angry Men,1957,Drama,8.9,636985,A jury holdout attempts to prevent a miscarriage of justice by forcing his colleagues to reconsider the evidence.
Barry Lyndon,1975,"Adventure,Drama,History",8.1,138368,An Irish rogue wins the heart of a rich widow and assumes her dead husband's aristocratic position in 18th-century England.
Monty Python's Life of Brian,1979,Comedy,8.1,346921,Born on the original Christmas in the stable next door to
Shutter Island,2010,"Mystery,Thriller",8.1,1049797,"In 1954, a U.S. Marshal investigates the disappearance of a murderer who escaped from a hospital for the criminally insane."
The 400 Blows,1959,"Crime,Drama",8.1,96378,"A young boy, left without attention, delves into a life of petty crime."
Like Stars on Earth,2007,"Drama,Family",8.4,151322,"An eight-year-old boy is thought to be a lazy trouble-maker, until the new art teacher has the patience and compassion to discover the real problem behind his struggles in school."
PK,2014,"Comedy,Drama,Fantasy",8.1,146618,An alien on Earth loses the only device he can use to communicate with his spaceship. His innocent nature and child-like questions force the country to evaluate the impact of religion on its people.
Gone with the Wind,1939,"Drama,History,Romance",8.1,272704,A manipulative woman and a roguish man conduct a turbulent romance during the American Civil War and Reconstruction periods.
The Red Shoes,1948,"Drama,Music,Romance",8.2,27229,A young ballet dancer is torn between the man she loves and her pursuit to become a prima ballerina.
Taxi Driver,1976,"Crime,Drama",8.3,672453,"A mentally unstable veteran works as a nighttime taxi driver in New York City, where the perceived decadence and sleaze fuels his urge for violent action by attempting to liberate a presidential campaign worker and an underage prostitute."
Ben-Hur,1959,"Adventure,Drama,History",8.1,207805,"When a Jewish prince is betrayed and sent into slavery by a Roman friend, he regains his freedom and comes back for revenge."
Star Wars: Episode IV - A New Hope,1977,"Action,Adventure,Fantasy",8.6,1170043,"Luke Skywalker joins forces with a Jedi Knight, a cocky pilot, a Wookiee and two droids to save the galaxy from the Empire's world-destroying battle station, while also attempting to rescue Princess Leia from the mysterious Darth Vader."
Ace in the Hole,1951,"Drama,Film-Noir",8.2,27111,"A frustrated former big-city journalist now stuck working for an Albuquerque newspaper exploits a story about a man trapped in a cave to rekindle his career, but the situation quickly escalates into an out-of-control circus."
Sunset Blvd.,1950,"Drama,Film-Noir",8.4,187109,A screenwriter develops a dangerous relationship with a faded film star determined to make a triumphant return.
North by Northwest,1959,"Adventure,Mystery,Thriller",8.3,281532,A New York City advertising executive goes on the run after being mistaken for a government agent by a group of foreign spies.
Gladiator,2000,"Action,Adventure,Drama",8.5,1261929,A former Roman General sets out to exact vengeance against the corrupt emperor who murdered his family and sent him into slavery.
A Clockwork Orange,1971,"Crime,Drama,Sci-Fi",8.3,715586,"In the future, a sadistic gang leader is imprisoned and volunteers for a conduct-aversion experiment, but it doesn't go as planned."
Tokyo Story,1953,Drama,8.2,46595,"An old couple visit their children and grandchildren in the city, but receive little attention."
To Kill a Mockingbird,1962,"Crime,Drama",8.3,280756,"Atticus Finch, a lawyer in the Depression-era South, defends a black man against an undeserved rape charge, and his children against prejudice."
Back to the Future,1985,"Adventure,Comedy,Sci-Fi",8.5,978160,"Marty McFly, a 17-year-old high school student, is accidentally sent thirty years into the past in a time-traveling DeLorean invented by his close friend, the eccentric scientist Doc Brown."
Paths of Glory,1957,"Drama,War",8.4,163977,"After refusing to attack an enemy position, a general accuses the soldiers of cowardice and their commanding officer must defend them."
Seven Samurai,1954,"Action,Adventure,Drama",8.6,295878,A poor village under attack by bandits recruits seven unemployed samurai to help them defend themselves.
A Beautiful Mind,2001,"Biography,Drama",8.2,799047,After
American History X,1998,Drama,8.5,983976,A former neo-nazi skinhead tries to prevent his younger brother from going down the same wrong path that he did.
Akira,1988,"Animation,Action,Drama",8.0,149948,A secret military project endangers Neo-Tokyo when it turns a biker gang member into a rampaging psychic psychopath who can only be stopped by two teenagers and a group of psychics.
High and Low,1963,"Crime,Drama,Mystery",8.5,25606,An executive of a shoe company becomes a victim of extortion when his chauffeur's son is kidnapped and held for ransom.
Toy Story 3,2010,"Animation,Adventure,Comedy",8.3,715924,"The toys are mistakenly delivered to a day-care center instead of the attic right before Andy leaves for college, and it's up to Woody to convince the other toys that they weren't abandoned and to return home."
Come and See,1985,"Drama,War",8.3,47336,"After finding an old rifle, a young boy joins the Soviet resistance movement against ruthless German forces and experiences the horrors of World War II."
Before Sunrise,1995,"Drama,Romance",8.1,248668,"A young man and woman meet on a train in Europe, and wind up spending one evening together in Vienna. Unfortunately, both know that this will probably be their only night together."
Casablanca,1942,"Drama,Romance,War",8.5,492830,A cynical American expatriate struggles to decide whether or not he should help his former lover and her fugitive husband escape French Morocco.
Persona,1966,"Drama,Thriller",8.1,91954,A nurse is put in charge of a mute actress and finds that their personae are melding together.
Andhadhun,2018,"Crime,Thriller",8.3,55070,"A series of mysterious events changes the life of a blind pianist, who must now report a crime that he should technically know nothing of."
Yojimbo,1961,"Action,Drama,Thriller",8.2,102491,A crafty ronin comes to a town divided by two criminal gangs and decides to play them against each other to free the town.
Forrest Gump,1994,"Drama,Romance",8.8,1685411,"The presidencies of Kennedy and Johnson, the events of Vietnam, Watergate, and other history unfold through the perspective of an Alabama man with an IQ of 75."
Grave of the Fireflies,1988,"Animation,Drama,War",8.5,210169,A young boy and his little sister struggle to survive in Japan during World War II.
Lawrence of Arabia,1962,"Adventure,Biography,Drama",8.3,251884,The story of
The Terminator,1984,"Action,Sci-Fi",8.0,760673,"In 1984, a human soldier is tasked to stop an indestructible cyborg killing machine, both sent from 2029, from executing a young woman, whose unborn son is the key to humanity's future salvation."
Apocalypse Now,1979,"Drama,Mystery,War",8.4,570076,A U.S. Army officer serving in Vietnam is tasked with assassinating a renegade Special Forces Colonel who sees himself as a god.
Requiem for a Dream,2000,Drama,8.3,724340,The drug-induced utopias of four Coney Island people are shattered when their addictions run deep.
Amores Perros,2000,"Drama,Thriller",8.1,212445,"A horrific car accident connects three stories, each involving characters dealing with loss, regret, and life's harsh realities, all in the name of love."
The Usual Suspects,1995,"Crime,Mystery,Thriller",8.5,937878,"A sole survivor tells of the twisty events leading up to a horrific gun battle on a boat, which began when five criminals met at a seemingly random police lineup."
The Thing,1982,"Horror,Mystery,Sci-Fi",8.1,346368,A research team in Antarctica is hunted by a shape-shifting alien that assumes the appearance of its victims.
One Flew Over the Cuckoo's Nest,1975,Drama,8.7,862072,"A criminal pleads insanity and is admitted to a mental institution, where he rebels against the oppressive nurse and rallies up the scared patients."
